{
  "rmse": 5.515380107465408,
  "mae": 4.375133486949684,
  "r2": 0.8556985143274607
}